"","V1","V2","V3","V4","V5","V6","V7","V8","V9","V10"
"Breaking.Bad","The.Dark.Knight","Once.Upon.a.Time.in.the.West","Schindler.s.List","The.Lord.of.the.Rings..The.Fellowship.of.the.Ring","The.Lego.Movie","Inception","Goodfellas","Tell.It.on.the.Mountain","The.Lord.of.the.Rings..The.Two.Towers","Fight.Club"
"Planet.Earth","The.Good..the.Bad.and.the.Ugly","Gravity","The.Lego.Movie","Sherlock","One.Flew.Over.the.Cuckoo.s.Nest","City.of.God","Human.Planet","The.Shawshank.Redemption","Star.Wars..Episode.V...The.Empire.Strikes.Back","Star.Wars"
"Sherlock","The.Lego.Movie","Human.Planet","Fight.Club","The.Matrix","Star.Wars","The.Lord.of.the.Rings..The.Two.Towers","Planet.Earth","The.Blue.Planet","The.Lord.of.the.Rings..The.Fellowship.of.the.Ring","The.Godfather..Part.II"
"The.Shawshank.Redemption","Valley.Uprising","Forrest.Gump","Casablanca","The.Lord.of.the.Rings..The.Return.of.the.King","City.of.God","The.Godfather","Seven.Samurai","The.Godfather..Part.II","Sherlock","Human.Planet"
"Human.Planet","Sherlock","The.Godfather","Interstellar","Valley.Uprising","Pulp.Fiction","The.Lord.of.the.Rings..The.Fellowship.of.the.Ring","The.Shawshank.Redemption","Once.Upon.a.Time.in.the.West","Planet.Earth","Inception"
"The.Blue.Planet","X12.Angry.Men","The.Matrix","Once.Upon.a.Time.in.the.West","Star.Wars","The.Lord.of.the.Rings..The.Fellowship.of.the.Ring","Sherlock","Seven.Samurai","The.Lord.of.the.Rings..The.Return.of.the.King","The.Good..the.Bad.and.the.Ugly","One.Flew.Over.the.Cuckoo.s.Nest"
"The.Godfather","Casablanca","Human.Planet","Gravity","Star.Wars..Episode.V...The.Empire.Strikes.Back","Forrest.Gump","Valley.Uprising","Tell.It.on.the.Mountain","The.Shawshank.Redemption","Interstellar","The.Lord.of.the.Rings..The.Return.of.the.King"
"Interstellar","Pulp.Fiction","Human.Planet","The.Godfather","The.Good..the.Bad.and.the.Ugly","Schindler.s.List","The.Lord.of.the.Rings..The.Fellowship.of.the.Ring","X12.Angry.Men","The.Lord.of.the.Rings..The.Return.of.the.King","Se7en","Gravity"
"Life","House.of.Cards","Goodfellas","Star.Wars","Gravity","The.Lord.of.the.Rings..The.Fellowship.of.the.Ring","Once.Upon.a.Time.in.the.West","The.Matrix","The.Dark.Knight","Schindler.s.List","X12.Angry.Men"
"Pulp.Fiction","It.s.a.Wonderful.Life","Tell.It.on.the.Mountain","Valley.Uprising","Interstellar","Human.Planet","One.Flew.Over.the.Cuckoo.s.Nest","Gravity","Forrest.Gump","The.Lord.of.the.Rings..The.Return.of.the.King","The.Good..the.Bad.and.the.Ugly"
"The.Dark.Knight","Goodfellas","The.Decalogue","The.Godfather..Part.II","Breaking.Bad","House.of.Cards","Once.Upon.a.Time.in.the.West","The.Lego.Movie","Life","Inception","Fight.Club"
"The.Godfather..Part.II","The.Dark.Knight","The.Decalogue","House.of.Cards","The.Shawshank.Redemption","Sherlock","Goodfellas","The.Lord.of.the.Rings..The.Two.Towers","Fight.Club","Human.Planet","Interstellar"
"The.Good..the.Bad.and.the.Ugly","Valley.Uprising","It.s.a.Wonderful.Life","Tell.It.on.the.Mountain","Planet.Earth","One.Flew.Over.the.Cuckoo.s.Nest","Interstellar","Once.Upon.a.Time.in.the.West","The.Blue.Planet","Pulp.Fiction","The.Lord.of.the.Rings..The.Fellowship.of.the.Ring"
"Valley.Uprising","The.Good..the.Bad.and.the.Ugly","Pulp.Fiction","The.Lord.of.the.Rings..The.Return.of.the.King","It.s.a.Wonderful.Life","The.Shawshank.Redemption","Tell.It.on.the.Mountain","The.Godfather","Human.Planet","Gravity","The.Lord.of.the.Rings..The.Fellowship.of.the.Ring"
"X12.Angry.Men","Star.Wars","The.Blue.Planet","The.Lord.of.the.Rings..The.Fellowship.of.the.Ring","Once.Upon.a.Time.in.the.West","House.of.Cards","The.Lord.of.the.Rings..The.Return.of.the.King","The.Matrix","Interstellar","Life","Casablanca"
"Boyhood","The.Lord.of.the.Rings..The.Two.Towers","Seven.Samurai","City.of.God","The.Godfather","Se7en","Star.Wars..Episode.V...The.Empire.Strikes.Back","Forrest.Gump","Star.Wars","Fight.Club","The.Lord.of.the.Rings..The.Return.of.the.King"
"Fight.Club","The.Decalogue","The.Lord.of.the.Rings..The.Two.Towers","Sherlock","Star.Wars","The.Lego.Movie","The.Matrix","The.Godfather..Part.II","The.Lord.of.the.Rings..The.Fellowship.of.the.Ring","Goodfellas","Once.Upon.a.Time.in.the.West"
"Schindler.s.List","City.of.God","Forrest.Gump","Star.Wars..Episode.V...The.Empire.Strikes.Back","Casablanca","Seven.Samurai","The.Lord.of.the.Rings..The.Return.of.the.King","Breaking.Bad","Interstellar","Se7en","Life"
"The.Decalogue","Fight.Club","The.Dark.Knight","The.Godfather..Part.II","Goodfellas","Sherlock","The.Matrix","The.Lord.of.the.Rings..The.Fellowship.of.the.Ring","Once.Upon.a.Time.in.the.West","Gravity","The.Lego.Movie"
"The.Lord.of.the.Rings..The.Return.of.the.King","Seven.Samurai","The.Lord.of.the.Rings..The.Fellowship.of.the.Ring","Once.Upon.a.Time.in.the.West","Valley.Uprising","The.Matrix","The.Shawshank.Redemption","Tell.It.on.the.Mountain","Star.Wars..Episode.V...The.Empire.Strikes.Back","The.Godfather","Schindler.s.List"
"Goodfellas","The.Dark.Knight","Life","House.of.Cards","The.Decalogue","Star.Wars","The.Godfather..Part.II","The.Lord.of.the.Rings..The.Fellowship.of.the.Ring","Fight.Club","Sherlock","Breaking.Bad"
"Gravity","The.Godfather","Planet.Earth","Life","Valley.Uprising","The.Matrix","It.s.a.Wonderful.Life","Pulp.Fiction","Tell.It.on.the.Mountain","Sherlock","Interstellar"
"House.of.Cards","Life","Goodfellas","Star.Wars","Once.Upon.a.Time.in.the.West","The.Godfather..Part.II","The.Matrix","The.Dark.Knight","X12.Angry.Men","The.Lego.Movie","Inception"
"Inception","Once.Upon.a.Time.in.the.West","House.of.Cards","The.Lord.of.the.Rings..The.Fellowship.of.the.Ring","The.Lord.of.the.Rings..The.Return.of.the.King","The.Matrix","The.Godfather","Breaking.Bad","Human.Planet","The.Dark.Knight","Interstellar"
"One.Flew.Over.the.Cuckoo.s.Nest","The.Matrix","It.s.a.Wonderful.Life","Tell.It.on.the.Mountain","Once.Upon.a.Time.in.the.West","The.Good..the.Bad.and.the.Ugly","Pulp.Fiction","Planet.Earth","The.Blue.Planet","House.of.Cards","Star.Wars"
"Seven.Samurai","The.Lord.of.the.Rings..The.Return.of.the.King","Forrest.Gump","The.Lord.of.the.Rings..The.Fellowship.of.the.Ring","Boyhood","Once.Upon.a.Time.in.the.West","City.of.God","Schindler.s.List","The.Shawshank.Redemption","Se7en","The.Blue.Planet"
"Star.Wars","X12.Angry.Men","The.Blue.Planet","House.of.Cards","Life","The.Lord.of.the.Rings..The.Fellowship.of.the.Ring","Once.Upon.a.Time.in.the.West","Sherlock","Goodfellas","Fight.Club","The.Matrix"
"Star.Wars..Episode.V...The.Empire.Strikes.Back","The.Godfather","Schindler.s.List","The.Lord.of.the.Rings..The.Return.of.the.King","Casablanca","Boyhood","Valley.Uprising","Interstellar","Once.Upon.a.Time.in.the.West","The.Lego.Movie","Planet.Earth"
"The.Lord.of.the.Rings..The.Fellowship.of.the.Ring","Once.Upon.a.Time.in.the.West","The.Matrix","The.Lord.of.the.Rings..The.Return.of.the.King","The.Blue.Planet","X12.Angry.Men","Star.Wars","Seven.Samurai","Sherlock","Valley.Uprising","The.Godfather"
"Casablanca","The.Godfather","The.Shawshank.Redemption","Schindler.s.List","Se7en","Star.Wars..Episode.V...The.Empire.Strikes.Back","Forrest.Gump","The.Lord.of.the.Rings..The.Return.of.the.King","City.of.God","The.Lord.of.the.Rings..The.Fellowship.of.the.Ring","Interstellar"
"City.of.God","Schindler.s.List","The.Shawshank.Redemption","Seven.Samurai","Boyhood","Se7en","Forrest.Gump","Planet.Earth","Casablanca","Pulp.Fiction","Valley.Uprising"
"Forrest.Gump","Schindler.s.List","The.Shawshank.Redemption","Seven.Samurai","The.Godfather","Casablanca","Pulp.Fiction","The.Lord.of.the.Rings..The.Return.of.the.King","Boyhood","City.of.God","Se7en"
"It.s.a.Wonderful.Life","Pulp.Fiction","Tell.It.on.the.Mountain","One.Flew.Over.the.Cuckoo.s.Nest","The.Good..the.Bad.and.the.Ugly","Valley.Uprising","Gravity","Human.Planet","Interstellar","Se7en","Inception"
"Once.Upon.a.Time.in.the.West","The.Matrix","The.Lord.of.the.Rings..The.Fellowship.of.the.Ring","The.Lord.of.the.Rings..The.Return.of.the.King","The.Blue.Planet","One.Flew.Over.the.Cuckoo.s.Nest","House.of.Cards","Star.Wars","Seven.Samurai","X12.Angry.Men","Inception"
"Se7en","The.Godfather","Casablanca","Seven.Samurai","Boyhood","City.of.God","Schindler.s.List","Interstellar","Gravity","Forrest.Gump","Life"
"Tell.It.on.the.Mountain","It.s.a.Wonderful.Life","Pulp.Fiction","One.Flew.Over.the.Cuckoo.s.Nest","The.Good..the.Bad.and.the.Ugly","Valley.Uprising","The.Lord.of.the.Rings..The.Return.of.the.King","The.Godfather","Gravity","The.Matrix","Breaking.Bad"
"The.Lego.Movie","Sherlock","Planet.Earth","House.of.Cards","Fight.Club","Breaking.Bad","The.Dark.Knight","The.Lord.of.the.Rings..The.Fellowship.of.the.Ring","The.Decalogue","Star.Wars..Episode.V...The.Empire.Strikes.Back","Forrest.Gump"
"The.Lord.of.the.Rings..The.Two.Towers","Fight.Club","Boyhood","Sherlock","Star.Wars","The.Godfather..Part.II","The.Matrix","Breaking.Bad","Human.Planet","The.Lord.of.the.Rings..The.Fellowship.of.the.Ring","The.Decalogue"
"The.Matrix","Once.Upon.a.Time.in.the.West","The.Lord.of.the.Rings..The.Fellowship.of.the.Ring","One.Flew.Over.the.Cuckoo.s.Nest","The.Blue.Planet","The.Lord.of.the.Rings..The.Return.of.the.King","Sherlock","House.of.Cards","Gravity","Star.Wars","Tell.It.on.the.Mountain"
